Request	Payload	Status code	Time of day	Response received	Response completed	Error	Timeout	Length	Cookies	Comment
0		404	1776713235272	1700	1700	false	false	216		
1	400111	404	1776713235273	1700	1700	false	false	216		
2	400112	404	1776713235273	1700	1700	false	false	216		
3	400113	404	1776713235273	1700	1700	false	false	216		
4	400114	404	1776713235273	1700	1700	false	false	216		
5	400115	404	1776713235274	1621	1621	false	false	216		
6	400116	404	1776713235274	1699	1699	false	false	216		
7	400117	404	1776713235274	1700	1700	false	false	216		
8	400118	404	1776713235275	1698	1698	false	false	216		
9	400119	404	1776713235274	1699	1699	false	false	216		
10	400120	404	1776713236897	163	163	false	false	216		
11	400121	404	1776713236974	163	163	false	false	216		
12	400122	404	1776713236975	163	163	false	false	216		
13	400123	404	1776713236975	163	163	false	false	216		
14	400124	404	1776713236976	162	162	false	false	216		
15	400125	404	1776713236976	162	162	false	false	216		
16	400126	404	1776713236975	163	163	false	false	216		
17	400127	404	1776713236976	162	162	false	false	216		
18	400128	404	1776713236976	162	162	false	false	216		
19	400129	404	1776713236975	163	163	false	false	216		
20	400130	404	1776713237063	208	208	false	false	216		
